,news,countALI,propAN,countDTS,txtSZ,countCAPS,txt
0,0,5,0.7921951219512195,0,9225,257,"DN-Sinteses 7 de Fevereiro de 2001 _ FUNDOS DE INVESTIMENTO (06.02.01) Mobiliário Caixagest Acções Europa 12,5965 Caixagest Acções Portugal 17,0282 Caixagest Curto Prazo 9,0259 Caixagest G. Cambial F.T. 5,3294 Caixagest Gestão Euroacções 5,6946 Caixagest G. Eurobrigações 5,3424 Caixagest G.Interobrigação 5,4185 Caixagest Gestão Lusoacções 4,6075 Caixagest G. Monetária F.T 5,3243 Caixagest Investimento 6,6449 Caixagest Investimento II 6,2515 Caixagest Investimento III 6,1638 Caixagest Investimento IV 5,8111 Caixagest Maxivalor 5,6633 Caixagest Moeda 6,1898 Caixagest Multidivisas 6,2842 Caixagest Multivalor 5,4718 Caixagest Obrigações Euro 7,6515 Caixagest PPA Val.Fiscal 15,7759 Caixagest Renda Mensal 4,9907 Caixagest Rendimento 5,0033 Caixagest Taxa Fixa 7,2118 Caixagest Tesouraria 9,4889 Caixagest Valorização 19,1008 AF América 4,8685 AF Curto Prazo 6,8113 AF Euro Financeiras 6,2495 AF Eurocarteira 15,3876 AF Global mais - F.F. 5,3864 AF Inv. Acções América 6,7823 AF Inv. Acções Europa 5,5087 AF Inv. Acções Pacífico 3,4951 AF Inv. Acções Portugal 4,4597 AF Inv. Obrigações 5,3764 AF Inv. Taxa Fixa 5,3625 AF Mercados Emergentes 4,9915 AF Modelo Alfa 7,2838 AF Modelo Beta 8,1489 AF Modelo Delta 9,2925 AF Obrigações 6,0937 AF Obrigações R Mais 13,1485 AF Portfólio Internacional 16,0790 AF Rendimento Mensal 5,0248 Af Empresas - G. De Tesoura 5,5236 Atlântico Acções Atlântico Taxa Fixa BCP Acções 12,8591 BCP Global BCP Taxa Fixa 8,5595 E.F. Utilities 4,8623 F.A.I.M.I.A.B.V.Lisboa F.F. Atlântico Global F.F. Atlântico Global I F.F. BCP Global I 5,6590 F.F. C.Vida AF Prestige 2015 5,5927 F.F. C.Vida AF Prestige 2025 5,4856 F.F. Multinvestimento I F.F. C.Vida AF Prestige 2035 5,6040 Fipor Poupança Investimento Multinvestimento 7,5487 Novofundo - Capital Novofundo - Obrigações 10,2888 Obrigações 7 5,5240 PPA Atlântico PPA BCP -F.P.A. Redes e Comunicações 2003* 61,0309 Saúde e Lazer 2004 * 58,0309 BPI Acções 21,7203 BPI América 8,8695 BPI Bonds 6,2323 BPI Brasil 5,2877 BPI Euro Taxa Fixa 8,9780 BPI Europa 13,6051 BPI Financeiras 5,9702 BPI Gestão Global (FF) 6,8825 BPI Global 6,6966 BPI Liquidez (FT) 5,8502 BPI O. Alto Rend. Alto Risco 5,3706 BPI Oportunidades Mundiais 4,0087 BPI PPA BPI Portugal 11,7358 BPI Poup. Acções (PPA) 13,4720 BPI Refor. Investim. PPR/E BPI Reforma Segura PPR/E 11,0330 BPI Renda Trimestral 5,0218 BPI Taxa Variável 6,6335 BPI Tecnologias 3,1593 BPI Tesouraria (FT) BNU Acções 13,9060 BNU Euro indice 6,0761 BNU F.F. I 6,0789 BNU F.F. II 5,9422 BNU F.F. III 5,8403 BNU Gestão Activa Acção 5,6407 BNU Gestão Activa Obrigações 5,4519 BNU Gestão Activa Tesouraria 5,3262 BNU Internacional 16,6066 BNU Japão 4,0681 BNU Obrigações 9,3409 BNU Oriente Crescimento 3,2676 BNU PPA 14,0642 BNU Prestígio 7,7325 BNU Renda Mensal 4,9906 BNU Rendimento 9,0853 BNU Tesouraria 11,1708 Invest 6,3574 Invest - Obrigações 5,1207 Crédito Predial Obrigações 5,1073 Crédito Predial Tesouraria 5,0880 E.F. Banca e Seguros 29,6394 E.F. Qualidade Vida 24,7947 E.F. Tec. Informação 20,5744 E.F. Telecomunicações 17,7133 Euro Capital 2003 49,8690 Euro Capital 2004 49,6472 Eurosul * 28,7186 Fundo do Mercado Monetário 5,1904 Futuro Jovem Santander 5,6365 Luso Valor * 28,3935 Luso-Acções * 53,0870 Multidiversificação 5,8118 Multinvest 5,6353 Multipopança 5,4761 SANTANDER CAPITAL 2002* 52,0969 Santander Acções Europa 6,2041 Santander Acções Portugal 21,8853 Santander Capital 2001 * 51,2333 Santander FPR/E 12,3370 Santander Iberfundo Acções 14,8835 Santander Obrigações 10,0846 Santander Plano Poup. Acções 27,4288 Tesour.Santander Novofundo 9,6435 Totta Obrigações 5,1125 Totta Tesouraria 5,0905 Capital Portugal 200,8734 Santander Acções Internac. 7,0106 Santander Banca 6,7983 Santander Telecom 7,1564 Totta PPR/E 16,9925 Totta Taxa Fixa 8,5263 UniDívida Pública Unibonds Unicarteira Agressivo Unicarteira Conservadora Unicarteira Misto 6,0924 Unicarteira ProtecçÃo 5,8710 Unidivisas Uniobrigações Uniobrigações Agressivo Unisemestre 5,0433 BIC PPR/E 13,5487 BIC Tesouraria F.Tes. 5,8212 E.S. Acções América 10,4530 E.S. Acções Europa 12,4962 E.S. Acções Global 10,3392 E.S. Acções Rendimento 10,8811 E.S. All Stars 4,5430 E.S. CapitalizaçÃo 8,1979 E.S. Carteira E.S. Curto Prazo F.Tes. 98,0611 E.S. Eurofundo E.S. Fixed Income 5,2727 E.S. Liquidez F.Tes. 5,5142 E.S. Mercados Emergentes 3,8531 E.S. Money Market F. Tes. E.S. Obrig. Global 7,7525 E.S. Obrigações Europa 7,8638 E.S. OpçÃo Coservadora F.F. 5,0797 E.S. Opção Dinâmica F.F. 4,8047 E.S. Opção Moderada 4,9209 E.S. Portfolio Dinâmico 5,5781 E.S. Portfolio I F.F. 5,0565 E.S. Portfólio F.F. 5,5252 E.S. Portugal Acções 6,0195 E.S. Portugal Index E.S. Poupança Acções 12,7944 E.S. Renda Mensal 4,9894 E.S. Renda Trimestral 5,0045 E.S. Tesouraria F.Tes. 6,8161 E.S.Top Ranking F.F. 6,2392 Espírito Santo Monet. - F. 5,5902 Estratégia Mais F.F. Estratégia Moderada -F.F. 5,3586 Gestão Activa F.F. 6,1126 Barclays Curto Prazo - F.T. 9,8531 Barclays FPA 13,9546 Barclays FPR/E 12,9726 Barclays FPR/E Rendimento 10,5565 Barclays Global Conservador 6,7517 Barclays Global Moder. F.F. 10,9202 Barclays Premier Ac. Port. 12,1264 Barclays Premier Obr.Port. 7,5897 Barclays Premier Tesouraria 8,2505 Barclays Rendimento - F.T. 10,8440 BPN Conservador 5,2248 BPN Optimização FM 5,5898 BPN Valorização FM 6,2800 Privado Agressivo F.F. 4,9500 Privado Crescimento F.F. 5,5700 Privado Rendimento F.F. 4,7700 BBVA Acções BBVA Bond BBVA Cash 8,2674 BBVA Curto Prazo 8,1880 BBVA Disponivel 7,9443 BBVA Global 6,0568 BBVA Mix 30 5,0090 BBVA Mix 60 5,0170 BBVA Obrigações 7,1006 BBVA PPA 6,2177 BNC Acções 5,4667 BNC Euro taxa Fixa 5,2468 BNC Global 25 4,9082 BNC Global 50 4,6573 BNC Global 75 4,4193 BNC PPA 5,9189 BNC Rendimento 7,5220 BNC Valor 5,0575 AF PPA 19,9971 Europa Acções 72,3332 Europa Diversificada Europa Obrigações Europa Portugal Acções M ACCOES EUROPA * 67,6803 M Acções Portugal (*) 23,5027 M Gestão Global F.F. Mello Acções EUA Mello Acções Euro Mello Acções Portugal Mello Obrigações EUA 62,8919 Mello Obrigações Euro Postal Acções 9,6117 Postal Capitalização 12,0796 Postal F. Tesouraria 8,4681 Postal Gestão Global F.F. 55,8669 Postal Rendimento 5,0023 MG Acções Europa 45,6502 MG Obrigações Agressivo 51,2481 Mg Acções 111,5540 Mg Monetário 56,8453 Mg Obrigações 73,2046 Mg Renda Mensal 49,9126 Mg Taxa Fixa 54,8289 Mg Tesouraria 73,0796 Multi Gestão Dinâmica 47,1006 Multi Gestão Equilibrada 48,4610 Multi Gestão Prudente 49,4044 Unitesouraria DB - Investimento 5,8850 DB World 25 109,4447 DB World 50 110,5820 DB World 75 111,6588 Portugal Acções * 67,3674 Raiz Europa 5,8932 Raiz Global 5,4264 Raiz Poupança Acções 13,8017 Raiz Poupança Refor./Educ. 7,4382 Raiz Rendimento 5,3367 Raiz Tesouraria 6,6563 Raiz Valorização 7,8697 BANIFUNDO ACÇÕES BRASIL 4,3945 Banifundo Acções Portugal 4,4328 Banifundo Euro Acções 4,1447 Banifundo Euro Obrigações 5,4542 Banifundo Euro Renda Mensal 5,0021 Banifundo Euro Tesouraria 5,9359 Banifundo Obrig. Mer. Emerg. 5,2977 Banifundo Oportunidades 2,4488 Banifundo PPA 5,8159 FF Banifundo E. Agressivo 5,0221 FF Banifundo E. Equilibrado 4,7052 Finibond Mercados Emergentes 6,5779 Finicapital 6,9363 Finifundo Blue Chips 5,7412 Finifundo Small Caps 6,5889 Finiglobal 5,3536 Finirendimento 5,1203 PPA Finibanco 8,9694 A.R. Médias Empres. Portugal 62,8051 B.I.G. Crescimento Global 13,4671 Big Euro capital 10,9233 Big Moderado FF 10,5032 Big Sectores Big Valorização FF 10,1170 Imobiliário Efisa Imobiliário * 61,7410 Gespatrimónio Rendimento 9,3548 Geoger Prestigeste I * 83,0398 Gestimo * Imosotto Acumulação 4,7386 Imosotto Rendimento 5,7772 Imovest 9,1280 Maxirent * 6,4876 Primeiro Imobiliário ,0515 Gef - I (*) Gef - II (*) 9,3030 Fundimo 7,5343 Vip 8,5244 Imorenda * 5,0067 Renda Predial * 5,0085 T.D.F. * 12,8806 Tottafimo (*) 6,2776 Urbifundo 6,3715 Correia e Viegas * 7,2667 Amorim * 5,5134 Grupo BFE 4,9478 Imofomento 5,4005 BNC Predifundo 8,0327 Império * 6,6582 Mello Imobiliário 5,7317 Vila Gale * 22,4922 Imosonae Dois 63,0835 F. Turismo * 5,6167 Margueira Capital * 6,3105 SELECTO I * 5,4788 Finimobiliário * 6,1796 Finipredial 6,2340 Bonança I * 52,9392 Gestão Imobiliária 6,7249 Hispano Imobiliário 2 3,7857 Portfólio Imobiliário 5,7069 Vision Escritórios * 5,4000 BPN Imonegócios Pensões BBV PPR 9,0526 Futuro Clássico 10,4001 PPA - Acção Futuro 11,1511 PPE FRA 10,2822 PPR 5 Estrelas 15,9415 PPR Garantia Futuro 5,3471 PPR Platinium 5,3121 Viva 10,7690 HORIZONTE 9,0997 PPR BNU/Vanguarda 14,1808 Vanguarda - PPR 6,3595 Praemium ""S"" 12,9538 Praemium ""V"" 16,3007 Ges 9,6929 Multireforma 7,3552 PPR Vintage 7,0674 BPI Vida PPR ,0291 Reforma Empresa 7,4128 PPR EUROPA 7,0633 PPA Valoris 5,8637 Victória Ref. Valor 67,7495 Victória V. Mais PPR 56,9956 Abeille Brasil 62,6500 Abeille Caravela 59,4100 Abeille Equilíbrio 70,5400 Abeille Imóvel 63,0800 Abeille PPR 62,5100 Abeille Performance 87,5000 Abeille Portugal 58,7400 Abeille Segurança 60,5400 Seguro de Investimento PPR Victória 149,8339 Victória Invest 88,7212 (*) Fundo fechado Quadros Técnicos Câmbio Indicativo Câmbios cruzados Câmbios bilateral Conversão do euro Taxas de referencia Mercado monetário interbancário Dívida pública Fundos de investimento ------ Matérias Primas ------ Diversas Metais Industriais Cereais"
1,0,1,0.6816143497757847,0,892,25,"Radiotelevisao Portuguesa RTPtexto 133-04 [ Página Anterior | Próxima Página | Sub-Página Anterior | Próxima Sub-Página | Página 100 | Formato Gráfico ] ** ******** ** *******DE * VALORES * DE * LISBOA ** ******** ** ******* ** ******** ** ******* MAIORES TRANSACÇÕES ** ***************** *************************************** Acções Negócios Euros 03Mar 19h TELECOM-N. 4518 140827384 PTMULT.NOM 3024 99006340 E.D.P.NOM. 1863 22323428 SONAE SGPS 637 17790621 TELECEL-N 1188 14642965 BCP....NPR 375 9715479 SOMAGUE SG 1692 7156075 J.MARTINS 413 6921172 SOPORCEL 94 4934039 PARAREDE 676 4666663 BRISA-PRIV 811 4637395 REDITUS 936 3642356 BPSM -NOM. 207 3285183 EFACECSGPS 771 2574958 COFINA 372 2297194   Economia Cambios Jornais RTC 240-01 440-01 410-01 106-01 Se tiver comentários a fazer, enviar mail para: Gestor da RTPtexto . © Rádiotelevisão Portuguesa Av. 5 de Outubro, 197 1050 Lisboa"
2,0,1,0.8356643356643356,0,1716,21,"DN-Sinteses   28 de Setembro de 2001 Índices AMBIENTE Milhões para renovar energia Programa de investimentos de mil milhões de contos vai aumentar produção até 2010. É obrigatório que 39 % tenha origem em fontes renováveis. Portugal só produz 10 % do que consome Défice de 90 % vai manter-se em 2010 PARLAMENTO Alqueva sem reestruturação fundiária Eva Cabral Só Bloco de Esquerda apoiou projecto do PCP para explorações com um máximo de 50 hectares FUNÇÃO PÚBLICA Provedor de Justiça quer concursos mais transparentes REFORMAS PS aceita criar ""tecto alto"" na Segurança Social pública TRANSPORTES Maquinistas param comboios Leonor Matias CP e sindicatos não chegam a acordo sobre colocação dos trabalhadores transferidos para o Metro do Porto. Greve prevista para 2 a 12 de Outubro vai afectar linhas suburbanas de Lisboa e Porto ANÁLISE DE BOLSA Bancos seguram Bolsa Márcio Alves Candoso Fundos tentam replicar carteira do PSI-20. Queda da PT não deu espaço para maiores ganhos BCP entra no Euronext mas continua a privilegiar Lisboa Renato Santos em Amsterdão mercados EDP progride com expectativas de negócio Semapa com maus resultados no semestre EMPREGO Agro-indústria precisa de formação Mais de metade dos trabalhadores do sector apenas tem ensino primário. Quadros médios e superiores reduzem-se a 4 % Burocracia entrava crescimento do comércio marítimo português Câmbios curtas & directa ICP decide adiamento do UMTS Agfa vai despedir 4 mil trabalhadores Quadros Técnicos Câmbio Indicativo Câmbios bilateral Conversão do euro Taxas de referencia Mercado monetário interbancário Dívida pública Fundos de investimento Copyright © 1995,2001 Diário de Notícias, SA Todos os direitos reservados webmaster@DnOnline"
3,0,4,0.8107066381156317,0,2335,19,"DN-Suplementos Negócios 6 de Agosto de 2001 SECIL contesta O presidente da Secil não teve papas na língua, logo que foi conhecida a decisão da privatização da Cimpor para a construtora Teixeira Duarte. Pedro Queirós Pereira, presidente da Secil, diz existir concertação entre a Teixeira Duarte, Lafarge e BCP e exige uma OPA sobre a Cimpor. BCP em alta O banco, presidido por Jardim Gonçalves, é a primeira instituição portuguesa a figurar entre os mil maiores do mundo, encontrando-se no 112º lugar, na análise da revista The Banker, do Financial Times Business. PT e BCP antecipam A bolsa portuguesa não tem razões para estar contente. As duas maiores empresas cotadas na BVLP, Portugal Telecom e Banco Comercial Português, vão pedir admissão à cotação na Bolsa de Amesterdão com a finalidade de an-teciparem a sua entrada no Euronext. EDP nos correios Tratar de todo o tipo de serviços da EDP, incluindo reclamações, vai passar a ser possível aos balcões dos correios. Tudo isto parece maravilhoso, se não se começar a pensar como ficarão agora as estações dos correios, onde as filas já não são convidativas. Maxitel em autogestão Sequeira Braga e outros administradores abandonaram a operadora Maxitel, que continua sem rede, dada a recusa da PT em repôr as ligações. A PT está a analisar a proposta de regularização da dívida feita pela Maxitel. Fisco investigado As Finanças de Lisboa estão a viver momentos de turbulência com auditorias e investigações da PJ alegadas relações ""promíscuas"" com agências de leilões e à existência de uma rede de influência dentro da máquina fiscal. 2,2 % 2,2 por cento foi quanto a economia portuguesa cresceu entre Janeiro e o final de Março deste ano, contra 3,4% no trimestre precedente. Os números do INE confirmam o abrandamento económico. 11 milhões 11 milhões de pessoas é o número de desempregados na zona euro em Junho, a que corresponde uma taxa de 8,3%. Este valor manteve-se face a Maio. Portugal tinha em Junho 4% de desempregados. A cara Ricardo Bayão Horta assume a presidência do grupo Cimpor, depois de ter sido eleito em assembleia geral. Dada a conturbada situação em que a cimenteira tem estado, envolvendo alguns dos accionistas, fica, para já, em questão a sua entrada em funções. Copyright © 1995,2001 Diário de Notícias, SA Todos os direitos reservados webmaster@DnOnline"
4,0,1,0.8177981005979599,0,2843,15,"expo expo-98 Edição de sexta-feira 10 de Abril de 1998 Canal PÚBLICO Suplementos Calvin & Hobbes Pesquisa Últimas Dossiers Portfólios Televisão Guia do Lazer Fórum PÚBLICO Nós Serviço PÚBLICO Gabinete PÚBLICO PÚBLICO na escola Home Page Pavilhão de Moçambique Patrocínios, precisam-se O ministro da Cultura, Juventude e Desportos de Moçambique, José Katupha, esteve ontem na região Norte para conquistar patrocínios para o pavilhão do seu país na Expo-98. ""É importante mobilizar apoios do empresariado português de modo a que a presença de Moçambique na Expo corresponda aos nossos objectivos"", referiu o governante africano, que admitiu alguns ""constrangimentos financeiros"" em virtude da esmagadora maioria do orçamento do Governo moçambicano estar orientado para as primeiras eleições municipais, a realizar a 30 de Junho. De qualquer modo, o Governo de Joaquim Chissano orçamentou o montante que está disposto a gastar com o pavilhão na Expo: entre ""750 mil dólares, no mínimo, e um milhão de dólares, no máximo"". Actualmente, disponibilizou apenas 450 mil dólares, pelo que ""será necessário trabalhar para concertar esforços"" e ""colocar a imagem de Moçambique como um país promissor em matéria de investimentos"". O pavilhão de Moçambique na Expo-98 está ainda em fase de construção, sendo o seu orçamento de 400 mil dólares, ""um grande esforço para o país"", nas palavras de José Katupha. O projecto de arquitectura é moçambicano, mas a construção está a cargo de um empreiteiro português. A riqueza e diversidade do interior do pavilhão está, pois, dependente do valor dos patrocínios que Moçambique for capaz de atrair. Daí a visita do ministro moçambicano ao Norte de Portugal, região onde estão os empresários que mais têm concretizado investimentos naquele país da África Austral. Neste momento estão reunidos perto de 30 mil contos de patrocínios, mas a intenção é chegar, pelo menos, aos cem mil contos, podendo a contribuição ser ""em espécie"". BCP, BFE, Cabelte, Cimpor, Barbosa & Almeida, Entreposto Comercial e o próprio Instituto de Cooperação Portuguesa foram algumas das instituições que já contribuiram. ""O nosso objectivo é fazer a demonstração do que são as potencialidades económicas do país, da sua riqueza marítima, agrícola e turística, assim como mostrar as várias facetas do tecido humano moçambicano"", reforçou o ministro da Cultura, Juventude e Desportos. No plano estritamente cultural, está já garantida a presença na Expo-98 da pintora Bertina Lopes, da cantora de ópera Estela Mendonça e da Companhia Nacional de Canto e Dança. ""Mais artistas virão se os constrangimentos financeiros forem ultrapassados"", sublinhou o governante. Será o caso das mulheres tocadoras de dufo da Ilha de Moçambique e dos Timbileiros de Zavala. Cesaltina Pinto (c) Copyright PÚBLICO Comunicação Social, SA Email: publico@publico.pt"
5,0,2,0.7796420581655481,11,1788,17,"RTP RTPVídeo | Meteorologia | Infografismo | Teletexto | SMS Euronext Lisboa contraria Europa e perde 0,27% A bolsa portuguesa seguia hoje em baixa, a meio da sessão, contrariando a tendência optimista que dominava a maioria das praças europeias. Com a Europa praticamente toda em alta, apenas Madrid e Lisboa seguiam no vermelho, com o PSI 20 a liderar as perdas com uma desvalorização de 0,27%, para 5.882,92 pontos. Apenas quatro papéis seguiam em alta, Sonae, Brisa, EDP e Vodafone, o que era insuficiente para compensar as quedas de BCP e PT. O BCP caía 2,04%, para 2,40 euros, arrastando o índice. A Cofina seguia em baixa de 1,28%, para 2,31 euros, tendo chegado, durante a manhã, a recuar mais de 2,5%. Agência LUSA 2002-12-20 14:20:00   2002-12-27 21:40:00 Cumprimento do défice de 2002 põe Portugal na primeira página do Financial Times 2002-12-27 20:03:29 Dívidas fiscais Estado em 2001 superaram défice público 2002-12-27 20:00:00 Lula diz que situação do Brasil ""não é boa"" 2002-12-27 18:14:59 PSI 20 cai pela quarta sessão consecutiva 2002-12-27 18:08:30 Governo já gastou 360 mil euros no aluguer do Northern Corona 2002-12-27 17:35:00 Bolsa portuguesa cai pela quarta sessão consecutiva, com baixa de 0,99% 2002-12-27 16:35:31 Bruxelas duvida das previsões de crescimento do Governo alemão para 2003 2002-12-27 14:05:01 PSI 20 da Euronext Lisboa acompanha Europa e perde 1,40% 2002-12-27 09:55:01 Euronext Lisboa segue Europa em baixa com PSI 20 a cair 1,45% 2002-12-27 07:35:00 Acordo para construção de ""grande gasoduto"" afegão assinado hoje RTP Multimédia © 2002 Nacional | Internacional | Desporto | Economia | Cultura | Índice Novidades | Cinema | Concursos | Guia TV | SMS Magazine | Empresa | Contactos Acessibilidades | Termos e Condições | Política de Privacidade"
6,0,1,0.7830994508846858,0,3278,38,"DN   29 de Setembro de 2001 PT e Semapa puxam acções Lisboa foi a bolsa que menos perdeu na Europa. Razão: não há companhias aéreas cotadas Márcio Alves Candoso Arquivo DN À FRENTE. A PT é dos títulos que mais têm contribuído para alta da Bolsa Em dia de fecho de trimestre, a Bolsa de Lisboa teve o comportamento atípico ""normal"", com muitas passagens de carteira a inflacionarem o volume de negócios. O PSI-20 voltou a encerrar com ganhos de 0,96 %, puxado pela Portugal Telecom, BES e pela Semapa, esta última alvo de rumores de OPA. Lisboa, que só nas últimas cinco sessões valorizou 8 %, é mesmo, entre as praças europeias, a que registou melhor performance trimestral. O PSI-20 ""só"" desceu 11 % desde Junho, enquanto que o DAX-Xetra de Frankfurt, por exemplo, acumulou perdas de 29 %. O FTSE-100 de Londres foi o que mais se aproximou do mercado português, com uma baixa de 13 %. A razão apontada pelos analistas para este relativo sucesso da Bolsa de Lisboa é a ausência dos sectores que mais têm sido penalizados desde os ataques terroristas de 11 de Setembro, ou seja, seguros, aviação e turismo. E mesmo a queda do petróleo, que numa primeira fase afectou as empresas do sector, só pode ser benéfica para a indústria nacional, muito consumidora de combustível. Na sessão de ontem destaque para duas grandes passagens de Brisa e BPI. A concessária de auto-estradas fechou em baixa de 3,38 %, nos 10,0 euros, enquanto o BPI perdeu 1,36 %, encerrando nos 2,17 euros. A Lehman Brothers emitiu ontem uma recomendação em baixa para a banca nacional, com price target de 2,50 euros para o BPI, 3,70 para o BCP e 14,40 para o BES. Já a Solomon Smith Barney estima um valor de 12,5 euros para o banco presidido por Ricardo Salgado. Os cortes nas estimativas de lucros e a conjuntura internacional estão a provocar revisões em baixa em diversos sectores. A UBS ""cortou"" a Portucel, de 1,60 euros para 1,25. A excepção é a Sonae Imobiliária, à qual a UBS deu um preço-alvo de 18,10 euros. Encerrou nos 13,0 euros. A meio da sessão, o Nasdaq seguia em alta de 1,81 % e o Dow Jones subia 1,34 %, depois da recisão em alta do PIB dos EUA. Paris fechou em subida de 1,47 %, Londres ganhou 2,64 % e Madrid mais 2,69 %. Flashes Teixeira Duarte sobe 4,5 % A Teixeira Duarte obteve um resultado líquido de 2,89 milhões de contos no primeiro semestre, uma subida de 4,5 % em relação ao mesmo período do ano anterior. As vendas desceram 2,6 %, ascendendo a 64,2 milhões. Sumolis com menos lucros A Sumolis lucrou 54,7 mil contos, no primeiro semestre do ano, menos 85,6 % que no período homólogo anterior. Perdas financeiras de 100 %, resultantes de endividamento, explicam a queda. As vendas cresceram 0,7 %, somando 16,2 milhões de contos. Papelaria Fernandes cai A Papelaria Fernandes registou prejuízos de 172 mil contos no primeiro semestre, um agravamento de 15,8 % em relação às perdas registadas no semestre homólogo. O volume de negócios ascendeu a 4,43 milhões de contos. Lisgráfica negativa A Lisgráfica fechou o primeiro semestre com um resultado negativo de 813 mil contos. No ano passado tinha lucrado 481 mil contos. O volume de negócios foi de 7,07 milhões de contos, menos 6,7 %. Copyright © 1995,2001 Diário de Notícias, SA Todos os direitos reservados webmaster@DnOnline"
7,0,1,0.7219413549039434,0,989,23,"Radiotelevisao Portuguesa RTPtexto 134-01 [ Página Anterior | Próxima Página | Sub-Página Anterior | Próxima Sub-Página | Página 100 | Formato Gráfico ] Acções Cotação Var% Data/H AMI.VERDES 4,97 25,2+ 17Nov 10:30 ATLANT/PSV 7,60 09Nov ATLANTIS 6,45 2,4+ 17Nov 16:19 B.A.-PREF. 11,63 31Out B.ALMEIDA 15,00 16Nov BANIF..NPR 7,31 0,7+ 17Nov 16:19 BCP....NPR 5,75 0,0+ 17Nov 16:30 BES.NPR 17,50 0,3+ 17Nov 16:30 BPI-SGPS 3,79 0,0+ 17Nov 16:23 BPSM -NOM. 25,85 0,8- 17Nov 13:04 BRISA 8,75 1,2+ 17Nov 15:36 BRISA-PRIV 9,20 0,1+ 17Nov 16:30 BSCH.NOM 11,58 0,6- 17Nov 16:30 BTA....NPR 22,55 1,8+ 17Nov 13:13 C.AMORIM 1,21 4,7- 17Nov 16:30 CAIMA 16,90 0,0+ 17Nov 15:43 CENTRAL-BI 14,85 0,0+ 17Nov 16:00 CIMPORSGPS 26,30 0,1+ 17Nov 16:23 CIN 3,45 3,9- 17Nov 16:30 CIPAN 1,83 1,1+ 17Nov 16:00 CIRES 2,50 15Nov   Economia Cambios Jornais RTC 240-01 440-01 410-01 106-01 Se tiver comentários a fazer, enviar mail para: Gestor da RTPtexto . © Rádiotelevisão Portuguesa Av. 5 de Outubro, 197 1050 Lisboa"
8,0,2,0.7963671128107075,11,2092,15,"RTP RTPVídeo | Infografismo | Teletexto | SMS | RTPi-online Países ""amigos da pesca"" elaboram em Lisboa alternativa à proposta da CE Representantes dos seis países comunitários designados ""amigos da Pesca"", onde se inclui Portugal, vão reunir-se hoje em Lisboa para concretizar um documento alternativo à proposta da Comissão sobre a política para o sector. O secretário de Estado adjunto e das Pescas admitiu a possibilidade de sair do encontro o texto final que deverá ser entregue na Comissão Europeia, como forma de sensibilizar este órgão comunitário para ""o enorme erro que é esta proposta"". A proposta apresentada pela Comissão com vista a modificar a actual política comum de pescas tem a oposição de Portugal, a que se juntaram Espanha, França, Itália, Grécia e Irlanda. Este lote de países, que pode vir a incluir a Finlândia, está preocupado com as medidas que respeitam à renovação e modernização da frota, onde a Comissão propõe o fim das ajudas aos recursos e à política exterior. Agência LUSA 2002-09-13 06:55:00   2002-09-17 22:50:01 Durão Barroso ""acarinha"" investimento estrangeiro com a bênção de Deus 2002-09-17 21:04:21 EUA preparam consórcio para explorar petróleo iraquiano 2002-09-17 19:43:16 Lisboa e Vale do Tejo é a região com maior desemprego do país 2002-09-17 18:40:00 Bolsa de Lisboa vive dia negro com ""derrocada"" de pesos-pesados 2002-09-17 18:10:00 BCP e PT arrastam Bolsa de Lisboa para queda de 2,03% 2002-09-17 17:05:00 Queixa por suspeita de corrupção apresentada pela Helisul já entrou na PGR 2002-09-17 16:40:00 Nomeado novo liquidatário judicial para a Molin 2002-09-17 16:20:00 Inspecção do Trabalho quer maior eficiência por parte da Administração Fiscal 2002-09-17 15:10:00 Metro de superfície vai ligar Algés e Falagueira até 2005 2002-09-17 14:20:00 AF Investimentos (Grupo BCP) compra 2,26% da Ibersol RTP Multimédia © 2002 Nacional | Internacional | Desporto | Economia | Cultura | Índice Novidades | Cinema | Concursos | Guia TV | SMS Magazine | Empresa | RTPi On-line | Contactos Acessibilidades | Termos e Condições | Política de Privacidade"
9,0,4,0.7577293461733401,11,1973,24,"RTP RTPVídeo | Infografismo | Teletexto | SMS | RTPi-online BCP e PT arrastam Bolsa de Lisboa para queda de 2,03% A Euronext Lisboa fechou hoje em baixa, com a maior perda de entre as principais praças europeias, arrastada pelo BCP e pela PT. O PSI 20 caiu 2,03%, para 5.735,86 pontos, com apenas três títulos positivos e 14 no vermelho. Os títulos mais transaccionados no índice português foram a PT, a Vodafone e o BCP. Os únicos títulos positivos foram a Tduarte, com ganhos de 2,15%, a Vodafone, de 0,63%, e a SAG, de 0,57%. As maiores descidas couberam à ParaRede (-5,26%), PT (-4,40%) e BCP (-4,00%). à hora do fecho da bolsa de Lisboa, os principais índices internacionais seguiam todos a perder: o madrileno Ibex 35 (- 0,29%), o londrino FTSE 100 (-0,57%), o parisiense CAC 40 (- 0,93%), o Dax Xetra, de Frankfurt, (-1,30%) e o MIB 30, de Milão, (-1,22%). Em Nova Iorque, o Nasdaq Composite perdia 0,14% e o Dow Jones 0,76%. Lusa/Fim Agência LUSA 2002-09-17 18:10:00   2002-09-19 18:50:00 Lisboa sofre menor queda da Europa mas regista novo valor mais baixo desde 1997 2002-09-19 18:25:00 Bolsa de Lisboa sofre sexta queda consecutiva e fixa novo valor mais baixo 2002-09-19 16:52:37 Crescimento económico na Zona Euro apenas em 2003 2002-09-19 12:08:44 OPEP mantém quotas de produção 2002-09-19 09:50:25 Flores vão dispor de aerogare remodelada 2002-09-19 09:30:00 Euronext Lisboa abre negativa com PSI 20 a perder 0,36% 2002-09-19 09:09:20 Crédito à habitação sem prazo limite 2002-09-18 20:48:16 Governo socialista ""subestimou"" défice público - Banco de Portugal 2002-09-18 19:57:28 Primeiros cruzamentos no combate à fraude fiscal 2002-09-18 19:05:00 PCP pede às Finanças informações sobre empresas geridas por Portas RTP Multimédia © 2002 Nacional | Internacional | Desporto | Economia | Cultura | Índice Novidades | Cinema | Concursos | Guia TV | SMS Magazine | Empresa | RTPi On-line | Contactos Acessibilidades | Termos e Condições | Política de Privacidade"
10,0,3,0.7768558951965066,11,2290,25,"RTP RTPVídeo | Meteorologia | Infografismo | Teletexto | SMS BCP arrasta PSI 20 para o vermelho A bolsa portuguesa encerrou hoje em baixa, em contra-ciclo face às congéneres internacionais, com o PSI 20 a ser arrastado pela descida do BCP. A Europa encerrou com ganhos de entre 0,6 e 1,7%, com os mercados norte-americanos com valorizações superiores, enquanto o PSI 20 recuou 0,34%, para 5.878,59 pontos. Registaram-se apenas cinco subidas e 12 descidas, com três papéis inalterados. O destaque do dia pertenceu ao BCP, grande responsável pela queda do índice, ao desvalorizar-se 2,04%, para 2,40 euros. Os restantes papéis do sector evoluíram em sentido contrário: o BPI ganhou 0,46%, para 2,20 euros, e o BES 0,42%, para 12 euros. As quedas foram lideradas pela Teixeira Duarte: caiu 5,71%, para 0,66 euros, o mínimo do dia. De destacar também a descida da EDP, que recuou 0,60%, para 1,65 euros. Nas telecomunicações não se fez sentir um movimento uniforme. A PT ajudou o índice a minorar as perdas ao subir 0,16%, para 6,32 euros, enquanto a Sonae.com caiu 1,15% e a Vodafone 0,37%. As maiores subidas pertenceram à Sonae SGPS e SAG Gest, 2,44% e 0,67%, enquanto a Cofina encerrou inalterada nos 2,34 euros. Agência LUSA 2002-12-20 18:30:00   2002-12-27 21:40:00 Cumprimento do défice de 2002 põe Portugal na primeira página do Financial Times 2002-12-27 20:03:29 Dívidas fiscais Estado em 2001 superaram défice público 2002-12-27 20:00:00 Lula diz que situação do Brasil ""não é boa"" 2002-12-27 18:14:59 PSI 20 cai pela quarta sessão consecutiva 2002-12-27 18:08:30 Governo já gastou 360 mil euros no aluguer do Northern Corona 2002-12-27 17:35:00 Bolsa portuguesa cai pela quarta sessão consecutiva, com baixa de 0,99% 2002-12-27 16:35:31 Bruxelas duvida das previsões de crescimento do Governo alemão para 2003 2002-12-27 14:05:01 PSI 20 da Euronext Lisboa acompanha Europa e perde 1,40% 2002-12-27 09:55:01 Euronext Lisboa segue Europa em baixa com PSI 20 a cair 1,45% 2002-12-27 07:35:00 Acordo para construção de ""grande gasoduto"" afegão assinado hoje RTP Multimédia © 2002 Nacional | Internacional | Desporto | Economia | Cultura | Índice Novidades | Cinema | Concursos | Guia TV | SMS Magazine | Empresa | Contactos Acessibilidades | Termos e Condições | Política de Privacidade"
11,1,1,0.8383720930232558,0,860,19,"DN-Sinteses Negocios 24 de Setembro de 2001 ESTRATÉGIA EMPRESARIAL. CRM EM ALTA NA EUROPA Relacionamento com cliente ganha mais importância Ana Pinto Martinho Sector financeiro está à frente na implementação de ""Costumer Relationship Management"" BANCA BCP aconselha sobre impostos na Internet INTERNET Novabase aposta no ""online"" NOVAS TECNOLOGIAS. DIVULGAÇÃO DE DESTINOS TURÍSTICOS Portal ""PortugalTurismo"" vai relançar sector na Net nova economia ""Software"" Mercado Comunicações economia na web Saiba ""online"" se a sua empresa está pronta para o euro Conselhos e informação para a área de negócios Notícias sobre a área das tecnologias da informação FBI procura recolher informações sobre atentados nos EUA Para todos aqueles que querem investir no mercado bolsista Copyright © 1995,2001 Diário de Notícias, SA Todos os direitos reservados webmaster@DnOnline"
12,0,1,0.716796875,0,1024,24,"Radiotelevisao Portuguesa RTPtexto 134-01 [ Página Anterior | Próxima Página | Sub-Página Anterior | Próxima Sub-Página | Página 100 | Formato Gráfico ] Acções Cotação Var% Data/H ATLANT/PSV 7,61 10,5- 29Set 15:35 ATLANTIS 7,97 2,8- 29Set 16:30 B.A.-PREF. 11,62 24Ago B.ALMEIDA 14,29 1,0- 29Set 13:03 BANIF..NPR 7,30 0,0+ 29Set 15:25 BCP....NPR 5,95 0,0+ 29Set 16:30 BES.NPR 18,00 0,0+ 29Set 16:30 BPI-SGPS 4,02 0,3- 29Set 16:30 BPSM -NOM. 27,29 1,1+ 29Set 16:30 BRISA 8,86 1,6- 29Set 13:59 BRISA-PRIV 9,42 1,4- 29Set 16:30 BSCH.NOM 12,43 0,2+ 29Set 16:30 BTA....NPR 22,42 0,7- 29Set 16:04 C.AMORIM 9,03 0,9+ 29Set 16:30 CAIMA 16,07 0,4+ 29Set 16:30 CENTRAL-BI 17,21 2,8+ 29Set 16:30 CIMPORSGPS 25,95 0,0+ 29Set 16:30 CIN 5,06 0,2+ 29Set 16:30 CIRES 2,40 2,6+ 29Set 15:59 COFINA 35,53 0,1+ 29Set 16:30 COLEP PORT 2,89 0,4+ 29Set 16:15   Economia Cambios Jornais RTC 240-01 440-01 410-01 106-01 Se tiver comentários a fazer, enviar mail para: Gestor da RTPtexto . © Rádiotelevisão Portuguesa Av. 5 de Outubro, 197 1050 Lisboa"
13,0,1,0.8159298780487805,0,2624,20,"política política Edição de terça-feira 23 de Junho de 1998 Canal PÚBLICO Suplementos Calvin & Hobbes Pesquisa Últimas Dossiers Portfólios Televisão Guia do Lazer Fórum PÚBLICO Nós Serviço PÚBLICO Gabinete PÚBLICO PÚBLICO na escola Home Page Dossier Expo-98 Dossier Mundial-98 Acto inédito CGTP entra na campanha pelo ""sim"" A Confederação Geral dos Trabalhadores Portugueses (CGTP) tomou pela primeira vez posição numa campanha de votação nacional. Num acto inédito desde a sua fundação, a Intersindical é a favor do ""sim"" no referendo sobre o aborto do dia 28 de Junho. No comunicado que transcreve a posição da comissão executiva, assumida em reunião do passado dia 1 de Junho, intitulado ""Da clandestinidade permitida à despenalização do aborto"", a CGTP considera que ""há que enfrentar sem hipocrisias que o aborto ilegal e inseguro continua a ser um problema dos mais graves do país"". Além disso, escreve ainda a Intersindical, o aborto ""constitui uma das primeiras causas de morte materna e continua a provocar anualmente milhares de internamentos nos hospitais portugueses e a causar sofrimento físico e psíquico a milhares de mulheres e adolescentes"". A CGTP defende também, entre outros aspectos, que ""a despenalização da interrupção voluntária da gravidez não obriga ninguém a tal prática"". Para além disso, ""a lei deve garantir o direito de optar, deixando que a decisão decorra da consciência de cada um"". Hoje é o ""dia nacional pelo sim"". Uma forma encontrada pela CGTP para lançar uma série de contactos e distribuição de panfletos pelos trabalhadores, em Lisboa e em outros pontos do país. Os panfletos da Intersindical vão ser espalhados por alguns locais considerados ""estratégicos"" pelos sindicalistas. BCP, Portugal Telecom, Laboratórios Normal, Direcção Geral de Energia, Telecel, TMN, TV Cabo, Centro de Segurança Social do Areeiro, Atral-Cipan, Colgate, Caixa Nacional de Pensões, Dyrup, Oficinas Gerais de Fardamento, Arsenal do Alfeite e outros estabelecimentos fabris das Forças Armadas, bem como os hotéis Sheraton e Ritz e as empresas de confecções Alva e Melka são alguns dos locais escolhidos. Ontem, na apresentação desta campanha na sede do Movimento Sim pela Tolerância, em Lisboa, Maria Irene da Silva, da Comissão Nacional das Mulheres da CGTP, explicou o inédito envolvimento da central sindical. ""A CGTP pela primeira vez fez um documento de apelo ao ""sim"" porque as mulheres trabalhadoras são as que mais sofrem com o aborto clandestino - há até mulheres que são despedidas se engravidarem"", afirmou. Aníbal Rodrigues (c) Copyright PÚBLICO Comunicação Social, SA Email: publico@publico.pt"
14,0,1,0.5506117908787542,0,899,13,"Radiotelevisao Portuguesa RTPtexto 240-01 [ Página Anterior | Próxima Página | Sub-Página Anterior | Próxima Sub-Página | Página 100 | Formato Gráfico ] ** **** * ********** * **** * * * **** * **** **** ** **** * * * ** * ** * ** * * **** * * **** * **** **** ** * * ** * **** * ** * ** * **** * * * **** * **** **** E C O N O M I A *************************************** Bolsa de Lisboa fechou em baixa.... 241 Projecções económicas da Comissão.. 242 *************************************** Expresso Atlântico com mais lojas.. 243 BCP pede registo de OPAs........... 244 Nova bolsa tecnológica espanhola... 245 CPLP: brasileiro substitui Moco.... 246 Algarve quer área metropolitana.... 247 PRINCIPAIS BOLSAS MUNDIAIS..... 248 Cotações da Bolsa de Lisboa 133 /4   ¡ Se tiver comentários a fazer, enviar mail para: Gestor da RTPtexto . © Rádiotelevisão Portuguesa Av. 5 de Outubro, 197 1050 Lisboa"
15,0,2,0.7911908646003263,11,1839,18,"RTP RTPVídeo | Infografismo | Teletexto | SMS | RTPi-online Taxas de juro directoras da Zona Euro inalteradas O Conselho de Governadores do Banco Central Europeu (BCE) vai manter inalteradas as taxas de juro directoras da Zona Euro. A taxa mínima para os leilões no âmbito das operações principais de refinanciamento do eurosistema continua nos 3,25 por cento e a facilidade de depósito permanece nos 2,25 por cento. No que diz respeito à facilidade permanente de cedência de liquidez, esta ficará nos 4,25 por cento. Analistas prevêem que o BCE reduza, até ao final do ano, o preço do dinheiro devido ao abrandamento económico. O BCE cortou quatro vezes as taxas de juro em 2001, no total de 1,5 pontos percentuais para os 3,25 por cento. RTP Multimédia 2002-09-12 13:39:21   2002-09-17 22:50:01 Durão Barroso ""acarinha"" investimento estrangeiro com a bênção de Deus 2002-09-17 21:04:21 EUA preparam consórcio para explorar petróleo iraquiano 2002-09-17 19:43:16 Lisboa e Vale do Tejo é a região com maior desemprego do país 2002-09-17 18:40:00 Bolsa de Lisboa vive dia negro com ""derrocada"" de pesos-pesados 2002-09-17 18:10:00 BCP e PT arrastam Bolsa de Lisboa para queda de 2,03% 2002-09-17 17:05:00 Queixa por suspeita de corrupção apresentada pela Helisul já entrou na PGR 2002-09-17 16:40:00 Nomeado novo liquidatário judicial para a Molin 2002-09-17 16:20:00 Inspecção do Trabalho quer maior eficiência por parte da Administração Fiscal 2002-09-17 15:10:00 Metro de superfície vai ligar Algés e Falagueira até 2005 2002-09-17 14:20:00 AF Investimentos (Grupo BCP) compra 2,26% da Ibersol RTP Multimédia © 2002 Nacional | Internacional | Desporto | Economia | Cultura | Índice Novidades | Cinema | Concursos | Guia TV | SMS Magazine | Empresa | RTPi On-line | Contactos Acessibilidades | Termos e Condições | Política de Privacidade"
16,1,2,0.8169273229070837,0,2174,11,"DN-Suplementos Negócios 17 de Setembro de 2001 Impostos em géneros Duas vacas, cinco mil galinhas, 480 quilos de pão, nove mil tijolos, 320 dúzias de ovos, 550 quilos de farinha e seis mil litros de gasolina foram alguns dos bens recebidos por uma repartição de finaças argentina como meio de pagamento de impostos atrasados. BCP bem seguro A delegação do BCP em Wall Street serviu de abrigo a muitos fugitivos do inferno das Torres Gémeas. Foi possível transferir as operações bancárias para uma dependência provisória, num local não vedado ao público. Letónia mais europeia O número de letões favoráveis à adesão deste país báltico à UE aumentou de 37% para 42%. O responsável da Letónia pelas negociações com Bruxelas diz que esta melhoria se ficou a dever às recentes ajudas europeias aos agricultores letões... Ministro investidor O ministro moçambicano do Ambiente é sócio num empreendimento turístico que será instalado... num santuário ecológico. Face às críticas a este projecto, o Governo de Maputo limitou-se a concluir não haver incompatibilidade de funções. Empresas em fuga Multiplicam-se os rumores de que alguns nomes sonantes de empresas portuguesas podem retirar-se do mercado de capitais. É que a sua cotação é tão baixa que, com poucos tostões, alguém as pode comprar num ""raid"" hostil. Ansett aterra A falência da companhia oficial dos Jogos Olímpicos Sydney 2000 deixou 16 mil pessoas desempregadas... além de muitos passageiros em terra, muitos dos quais turistas portugueses. 43% 43% foi a quebra nas vendas de escritórios no primeiro semestre deste ano, segundo números adiantados pela consultoras imobiliárias. 76% 76% é o índice de inflação no Zimbabwe (ex-Rodésia), prevendo-se que chegue aos 100% no final do ano, fruto da instabilidade económica provocada pela perseguição do Governo aos fazendeiros de origem britânica. A cara Wall Street, o símbolo universal da economia de mercado, esteve paralisada devido à proximidade das torres destruídas em Nova Iorque. Todos os olhos do mundo estão virados para a reacção da bolsa logo após a sua reabertura. Copyright © 1995,2001 Diário de Notícias, SA Todos os direitos reservados webmaster@DnOnline"
17,1,2,0.8113017154389506,1,991,8,"RTP BCP suporta Euronext Lisboa em alta de 0,84% A Euronext Lisboa interrompeu hoje um ciclo de quatro descidas consecutivas, subindo 0,84%, para 5.950,67 pontos, ajudada pelos ganhos do BCP. Ainda assim, a falta de liquidez que se faz sentir em todas as bolsas mundiais tem afectado sobremaneira a praça portuguesa, que encerrou com o menor ganho entre as suas congéneres europeias. O dia começou sem força para a Europa, com Lisboa a seguir ligeiramente acima da linha de água, suportada sobretudo pela boa evolução da EDP. Com a abertura dos mercados norte-americanos, o ""velho ccontinente"" conseguiu então dar maior dimensão aos ganhos. Wall Street, depois de uma abertura algo hesitante, evoluiu definitivamente para terreno positivo, dando mais espaço de subida à Europa. A bolsa portuguesa evoluiu todo o dia abaixo das suas congéneres, fruto de um volume de negócios muito fraco, retirando amplitude a quaisquer movimentos mais relevantes. Agência LUSA 2002-08-19 18:15:01 www.rtp.pt"
18,0,1,0.8168801808590807,0,3981,39,"POL | Última Página | Novo preço para a Cimpor sobe pelo menos 5% SECÇÕES 1ª Página Destaque Editoriais Política Internacional Espaço Público Sociedade Educação Ciência & Amb. Cultura Desporto Economia Media Local Lisboa Local Porto Última Página Ficha Técnica SÓ TEXTO   .   CMVM divulga parecer sobre ofertas concorrentes Novo Preço para a Cimpor Sobe pelo Menos 5% Por PEDRO LIMA Quarta-feira, 9 de Agosto de 2000 A Comissão do Mercado de Valores Mobiliários (CMVM) aprovou um parecer genérico relativo a ofertas públicas de aquisição (OPA) concorrentes, onde deixa claro que, a haver uma revisão de oferta ou uma contra-OPA, o preço inicial terá de ser aumentado em pelo menos cinco por cento. Significa isto que, numa hipotética revisão do preço da oferta pela Secil (actualmente de 20,5 euros), o novo preço teria de ser 21,525, o mesmo se aplicando a eventuais ofertas concorrentes, que se tem especulado poderem vir da Teixeira Duarte, em conjunto com o BCP e com a francesa Lafarge. A oportunidade do parecer é em parte justificada pelo facto de a CMVM ter ""vindo a ser insistentemente questionada sobre a concretização aplicativa de alguns preceitos relacionados com este tema"", o que se prende com a entrada em vigor do novo Código de Valores Mobiliários, em Março, cuja interpretação tem levantado algumas dúvidas em questões relacionadas com ofertas de aquisição. Além disso, o documento surge numa altura de intensa especulação sobre a possibilidade de a Secil e os suíços da Holderbank reverem as condições da oferta pública de aquisição (OPA) que lançaram sobre a Cimpor, ou ainda sobre o lançamento de ofertas concorrentes por parte de outras entidades. A CMVM esclarece também que ""a quantidade de valores mobiliários visados pela oferta concorrente constante do respectivo anúncio preliminar deverá ser pelo menos igual à constante do anúncio preliminar ou do anúncio de lançamento da oferta inicial"". No caso da oferta sobre a Cimpor, uma contra-OPA obrigaria à manutenção da actual condição de obter de pelo menos 67 por cento do capital social. ""Dificilmente se compreenderia a divulgação de um anúncio preliminar, o qual materializa a decisão de lançamento de oferta concorrente, cujo objecto e/ou contrapartida fossem inferiores àqueles limites"", argumenta a CMVM. A instituição considera também necessário que numa oferta concorrente fique clara a quantidade de capital social e/ou direitos de voto que se pretende adquirir na oferta, e ""não aquele com que pretende chegar ao fim da oferta contando para isso com a percentagem de capital social e/ou de direitos de voto que já detinha à data do lançamento da oferta"". Por forma a evitar revisões sucessivas consideradas prejudiciais para a segurança das transacções e para o funcionamento regular do mercado, é conferido tão somente ao oferente inicial, e não a oferentes concorrentes, o direito de revisão da respectiva oferta após lançamento de oferta concorrente, diz a CMVM. Por outro lado, ""após divulgação de anúncio preliminar, só em caso de alteração substancial das circunstâncias que fundaram a decisão de lançamento da oferta pode o oferente, inicial ou concorrente, revogar a oferta"". A Secil vai propor, na sexta-feira, a desblindagem dos estatutos da Cimpor, sendo quase certo que não consiga reunir votos suficientes nesse sentido. De acordo com informações divulgadas ontem pela Lusa, o Estado irá votar contra a desblindagem dos estatutos na assembleia geral, ""esperando não ter de vir a usar direitos especiais de voto para a impedir"". Pedro Lima OUTROS TÍTULOS EM ÚLTIMA PÁGINA Novo preço para a Cimpor sobe pelo menos 5% Esclarecida morte de antigo forcado Brigada Fiscal desmantela rede de rifas fraudulentas PSD fala em descontrolo orçamental Fogo numa fábrica ""altamente inflamável""    O FIO DO HORIZONTE Ignorar Shakespeare    PÚBLICO FLASH (SÓ NO PÚBLICO ONLINE) PÚBLICO Flash © Copyright PÚBLICO Comunicação Social, SA Geral: publico@publico.pt , Webmaster: webmaster@publico.pt  "
19,0,1,0.6348903717826502,0,1049,19,"Radiotelevisao Portuguesa RTPtexto 231-01 [ Página Anterior | Próxima Página | Sub-Página Anterior | Próxima Sub-Página | Página 100 | Formato Gráfico ] * ************************** * RTP * ***** * ** * * * *** *** ********* * TEXTO * * * ****** * * * *************** * E C O N O M I A *************************************** BVL encerra em alta O mercado accionista da Bolsa de Valo- res de Lisboa e Porto (BVLP) encerrou, 6ª feira, em alta, em contra-ciclo face às principais praças europeias, com o PSI 20 a subir 0,62%, para 7.707,90 pontos. O PSI 30 ganhou 0,52%, para 3.665,18 pontos. Os títulos mais transaccionados ao longo da sessão foram os do BCP, PT e Vodafone, tendo as maiores subidas sido protagonizadas pelos da Vodafone, BPI e Sonae pela positiva, e pelos da ParaRede, Impresa e Jerónimo Martins pela negativa. ***************************************   Economia 232 233 234 230-01 232-01 233-01 234-01 Se tiver comentários a fazer, enviar mail para: Gestor da RTPtexto . © Rádiotelevisão Portuguesa Av. 5 de Outubro, 197 1050 Lisboa"
20,0,3,0.7819132574592433,0,3251,26,"DN   27 de Setembro de 2001 Corrida à Sonae empola Bolsa Ao contrário das outras praças, Lisboa está acima do nível registado no dia dos atentados nos EUA Márcio Alves Candoso A Bolsa de Lisboa voltou a encerrar em alta, apesar de um esfriamento perto do fim da sessão, devido à abertura em perda de Wall Street. O índice PSI-20 subiu mais 1,3 %, fixando-se a 7220,84 pontos, mas chegou a bater nos 7300 durante a negociação. Mesmo assim, Lisboa é das poucas bolsas mundiais que se pode gabar de estar a níveis superiores aos registados antes de 11 de Setembro. A puxar pelo mercado esteve a Sonae SGPS, no dia em que anunciou uma parceria para concorrer à privatização da Portucel. Operadores destacaram que, mais do que a alta de um papel que tem andado pelas ""ruas da amargura"", há que saudar o enorme volume de negócios do papel, que rodou 20,5 milhões de acções. A apanhar ""boleia"" do negócio esteve a Portucel, que subiu 5,75%. Numa altura em que a fama dos analistas não atinge ""picos de audiência"", é interessante combinar dois researchs sobre a Portugal Telecom, ontem conhecidos. A UBS Warburg desceu a sua recomendação sobre o título de buy para hold , cortando no preço-alvo, que era de 13,5 euros e agora é de 8,3. Por seu turno, o JP Morgan recomenda agora ""comprar"", depois de ""comprar a longo prazo"", estimando que a PT apresenta melhor rácio de crescimento do que o sector. O preço-alvo é de 11,30 euros. A PT fechou nos 8,04 euros, em baixa de 0,74 %, alvo de uma tomada de mais-valias depois da recente alta do título. O BCP encerrou com ganho de 2,54 %, nos 4,04 euros, em vésperas de listagem no Euronext. A Cofina, em dia de apresentação de resultados, recuperou 1,25 %, fechando nos 1,62 euros. Já a Impresa continua em quebra, aqui e ali com recuperações avulsas devido a notícias que têm mais a ver com o exterior do que com a própria casa em si. Ontem, após notícias de que se prepara para encerrar alguns títulos menos visíveis do grupo, desceu 2,76 %, cotando-se a 1,41 euros. Na Europa os fechos foram positivos. Madrid encerrou em alta de 0,64 %, Paris subiu 1,76 % e Londres ganhou 0,41 %. Em Nova Iorque, o Nasdaq perdeu 2,51 % e o Dow Jones 1,08 %. Flashes BCP entra no Euronext O Banco Comercial Português é hoje admitido à Euronext, de Amesterdão. A instituição será a primeira entidade portuguesa a ser admitida na segunda maior bolsa a nível europeu e ocupará a 44 º posição no índice Euronext 100 com uma ponderação de cerca de 0,61 %. ParaRede com prejuízos A ParaRede registou um prejuízo de 71,4 milhões de euros no primeiro semestre deste ano, contra um lucro pró-forma de 1,8 milhões nos primeiros seis meses de 2000. O volume de negócios ascendeu a 21 milhões de euros, uma quebra de 28,4 % em relação ao ano passado. Cofina soma lucros A Cofina fechou o primeiro semestre deste ano com lucros de 2,3 milhões de euros, um aumento de 22,6 % em relação ao período homólogo de 2000, enquanto o volume de negócios atingiu 102,8 milhões de euros, mais 17,2 %. Estes resultados, diz a empresa, reflectem a contribuição positiva dos sectores tradicionais. A Cofina está a proceder à racionalização da sua área de ""media"". Copyright © 1995,2001 Diário de Notícias, SA Todos os direitos reservados webmaster@DnOnline"
21,0,1,0.6786516853932584,0,890,23,"Radiotelevisao Portuguesa RTPtexto 133-04 [ Página Anterior | Próxima Página | Sub-Página Anterior | Próxima Sub-Página | Página 100 | Formato Gráfico ] ** ******** ** *******DE * VALORES * DE * LISBOA ** ******** ** ******* ** ******** ** ******* MAIORES TRANSACÇÕES ** ***************** *************************************** Acções Negócios Euros 16Jun 19h TELECOM-N. 2251 65534136 CIMPORSGPS 12552 65417643 BRISA-PRIV 4253 27747616 E.D.P.NOM. 2074 23233803 IMPRESA 2526 16789379 PTMULT.NOM 666 14878546 SONAE SGPS 889 13708607 BCP....NPR 288 8898692 TELECEL-N 617 4697514 SEMAPA 143 4420302 BPA....NPR 327 3958332 SONAE.COM 1252 3644412 J.MARTINS 471 3344917 BES.NPR 215 2183833 CAIMA 20 2038036   Economia Cambios Jornais RTC 240-01 440-01 410-01 106-01 Se tiver comentários a fazer, enviar mail para: Gestor da RTPtexto . © Rádiotelevisão Portuguesa Av. 5 de Outubro, 197 1050 Lisboa"
22,1,2,0.8171318575553417,0,6234,50,"DN   13 de Setembro de 2001 Intalações do BCP servem de refúgio As instalações do Banco Comercial Português, em Wall Street, foram utilizadas como refúgio por dezenas de pessoas depois dos atentados ao World Trade Center. Nenhum dos 48 funcionários daquela sucursal bancário ficou ferido e os dois trabalhadores que ainda não tinham comunicado com empresa fizeram-no na madrugada de ontem. Voo TAP para Newark chega hoje O voo 1331 da TAP que partiu terça-feira de Lisboa para Newark, nos Estados Unidos, deve chegar hoje ao seu destino. Segundo anunciou a porta-voz da companhia aérea, o avião foi direccionado para a cidade de Halifax, no Canadá, quando os EUA encerraram todos os seus aeroportos a vôos comerciais que se dirigissem para o território. EUA agradecem apoio português O representante diplomático dos EUA em Portugal, William McGlynn, agradeceu a solidariedade com que o Governo e o povo têm acompanhado a tragédia. ""Rezamos para que não existam vítimas portuguesas nos ataques que não fizeram distinção de nacionalidade"", disse o diplomata, recebido ontem por Jorge Sampaio. Governo sueco adia cimeira O primeiro-ministro da Suécia, Goran Person, adiou a terceira cimeira da esquerda liberal, inicialmente agendada para decorrer amanhã e depois, em Estocolmo. O encontro iria reunir chefes de Estado e de Governo de vários países, entre os quais o primeiro-ministro português, António Guterres. Portugueses de volta ao trabalho O consulado português em Nova Iorque retomou ontem funções nas instalações do ICEP, na 5.ª Avenida, onde ficará temporariamente alojado por questões de segurança. Também os portugueses que trabalham em Manhattan voltaram ao serviço, apesar de a cidade viver o rescaldo dos atentados e estar quase ""deserta"". Maçonaria condena atentados Contrariando a discrição que o caracteriza, o Grande Oriente Lusitano (GOL) divulgou ontem um comunicado assinado pelo grão-mestre, Eugénio de Oliveira, lamentando os ataques terroristas de terça-feira e dirigindo um apelo ""à necessidade de luta contra os fanatismos que levam à destruição de vidas humanas"". PCTP/MRPP contra imperialismo ""O imperialismo é um gigante com pés de barro e é o povo norte-americano a primeira vítima dos desmandos cometidos pela classe dominante do seu país."" Foi esta a reacção do PCTP/MRPP, que diz recear que o ""imperialismo"" dos EUA descambe numa retaliação sem limites contra os alvos que considerar inimigos. Comunistas retomam linha dura O PCP endureceu ontem a sua posição face aos atentados nos EUA. Em comunicado, a Comissão Política do Comité Central lembrou o ""rol de crimes e agressões"" cometidos pelos Estados Unidos e países aliados, e diz esperar que os ataques de terça-feira não sirvam ""de pretexto para retirar apoio a justas lutas dos povos"". Falso alarme nas Amoreiras As mil pessoas que trabalham na torre três das Amoreiras, em Lisboa, tiveram ontem de abandonar o edifício entre as 15 e as 16 horas, enquanto os agentes da Brigada de Inactivação de Agentes Explosivos da PSP vistoriaram o edifíco devido a uma ameaça de bomba. Mas ""nada de anormal foi encontrado"", disse a PSP. Protecção Civil apoia EUA O Serviço Nacional de Protecção Civil tem 58 elementos preparados para seguir para os EUA, em quatro equipas: uma de assistência psicológica, uma de assistência médica, uma de resgate e outra de identificação. Lisboa associa-se assim à disponibilidade da UE para prestar assistência técnica e sanitária aos EUA. National Geographic de luto Dois colaboradores da National Geographic morreram nos atentados, levando a sua representação portuguesa a adiar uma conferência científica marcada para amanhã, na Sociedade de Geografia. Os conferencistas Nick Nichols e Michael Fay, que se encontram na Alemanha, querem regressar de imediato a casa. Jornais não chegam às ilhas As edições da imprensa nacional e internacional de ontem não chegaram às regiões autónomas, devido às medidas de restrição da carga aérea tomadas pela TAP por razões de segurança. Uma situação que poderá repetir-se hoje, caso não seja possível levantar o embargo aos jornais destinados às Ilhas. A ""ajuda"" dos simuladores É provável que alguns dos terroristas que desviaram os aviões envolvidos no ataque tivessem experiência de pilotagem, mas, segundo os especialistas, isso nem seria sequer imprescindível. Um simulador de voo pode proporcionar conhecimentos suficientes para ""pilotar"" um aparelho, pelo menos naquelas circunstâncias. NASA aperta a segurança A agência espacial americana deu ontem aos funcionários a possibilidade de não comparecerem no local de trabalho, caso se sentissem afectados pelo ataque terrorista. O Kennedy Space Center, na Florida, que alberga a frota espacial, esteve em alerta máximo. Na sede, em Washington, todos os carros foram revistados. Reunião do FMI pode ser anulada A assembleia anual do FMI, prevista para finais de Setembro em Washington, poderá ser anulada, em virtude dos ataques terroristas aos EUA, admitiu o ministro das Finanças alemão, Hans Eichel. A discussão sobre o cancelamento ou não da reunião conjunta do FMI e do Banco Mundial está, no entanto, ainda em aberto. BCE está a construir ""bunker"" O Banco Central Europeu tem praticamente concluído, em Frankfurt, um ""bunker"" que servirá de refúgio em caso de catástrofe, revelou ontem Wim Duisenberg, presidente da instituição. As instalações permitirão ao BCE manter a sua actividade perante atentados do tipo dos que atingiram Nova Iorque. ""Site"" do DN lidera top O site do Diário de Notícias liderou nos últimos dois dias, na sequência das notícias sobre os atentados nos EUA, o top do portal Sapo, que mede o número de consultas a páginas na Net feitas a partir daquele portal, batendo inclusive os diários desportivos. Ontem à noite, o top era comandado pelo DN, seguido por ""A Bola"". Morreu produtor de ""Frasier"" David Angell, 54 anos, produtor da série televisiva Frasier , está entre as vítimas dos atentados de terça-feira nos EUA. Ele a sua mulher Lynn viajavam a bordo de um dos aviões que se despenharam. Ao longo da sua carreira, Angell venceu alguns prémios Emmy e escreveu vários episódios para séries como Cheers . Copyright © 1995,2001 Diário de Notícias, SA Todos os direitos reservados webmaster@DnOnline"
23,0,2,0.7973240832507433,11,2018,17,"RTP RTPVídeo | Infografismo | Teletexto | SMS | RTPi-online CGD formaliza fusão de Mundial Confiança e Fidelidade A Caixa Geral de Depósitos (CGD) formalizou a fusão entre as suas seguradoras Mundial Confiança e Fidelidade, culminando o plano de reestruturação destas actividades, iniciado em Março. A nova sociedade, denominada ""Companhia de Seguros Fidelidade-Mundial"", possui um capital social de 400 milhões de euros (80,2 milhões de contos), anunciou a empresa, em comunicado. Apesar de passarem a integrar a mesma entidade jurídica, manter-se-ão as marcas diferentes e a sua ""individualidade comercial, beneficiando de vantagens decorrentes das sinergias obtidas com a fusão"". A Fidelidade-Mundial acrescenta que, ""apesar da situação económica desfavorável e da fusão operacional em curso"", as duas redes seguradoras asseguraram, no primeiro semestre, uma quota de mercado de 20,8%, ocupando a liderança do sector. Agência LUSA 2002-09-12 14:05:00   2002-09-17 22:50:01 Durão Barroso ""acarinha"" investimento estrangeiro com a bênção de Deus 2002-09-17 21:04:21 EUA preparam consórcio para explorar petróleo iraquiano 2002-09-17 19:43:16 Lisboa e Vale do Tejo é a região com maior desemprego do país 2002-09-17 18:40:00 Bolsa de Lisboa vive dia negro com ""derrocada"" de pesos-pesados 2002-09-17 18:10:00 BCP e PT arrastam Bolsa de Lisboa para queda de 2,03% 2002-09-17 17:05:00 Queixa por suspeita de corrupção apresentada pela Helisul já entrou na PGR 2002-09-17 16:40:00 Nomeado novo liquidatário judicial para a Molin 2002-09-17 16:20:00 Inspecção do Trabalho quer maior eficiência por parte da Administração Fiscal 2002-09-17 15:10:00 Metro de superfície vai ligar Algés e Falagueira até 2005 2002-09-17 14:20:00 AF Investimentos (Grupo BCP) compra 2,26% da Ibersol RTP Multimédia © 2002 Nacional | Internacional | Desporto | Economia | Cultura | Índice Novidades | Cinema | Concursos | Guia TV | SMS Magazine | Empresa | RTPi On-line | Contactos Acessibilidades | Termos e Condições | Política de Privacidade"
24,1,9,0.8082872928176795,0,3620,11,"DN-Suplementos Negócios 17 de Setembro de 2001 BCP avança para venda de serigrafias na Internet Portal financeiro disponibiliza aos clientes do grupo a compra de reproduções de artistas consagrados Margarida Bon de Sousa Direitos reservados José de Guimarães. Litografia, edição de 199 exemplares, 36,5 x 48 cm, à venda por 90 contos Comprar através da Internet ainda suscita sérias reservas aos portugueses. Quando se passa de produtos como livros ou discos para obras de arte, o risco do projecto se transformar num fiasco ainda é maior. Mesmo assim, o BCP resolveu arriscar. Reproduções de obras de Júlio Pomar, José de Guimaras, Armando Passos, Silva Palmeira, Sónia Delaunay, Maria Keil e Cruzeiro Seixas já podem ser adquiridas online pelos clientes do grupo, através do site www.cidadebcp.pt . E se o nível de compras ainda não pode ser considerado um êxito, o certo é que ao longo dos últimos quatro meses mais de 100 visitantes acabaram por optar por esta via para adquirirem uma serigrafia, uma litografia ou uma escultura de alguns artistas de reconhecido mérito. O projecto nasceu de uma parceria entre o grupo BCP e o Centro Português de Serigrafia, no âmbito do dossier temático dedicado à mãe, divulgado em Maio último. Originalmente, a ideia era simples. Poder oferecer-se um presente diferente num aniversário especial. Agora, o BCP pretende dar-lhe uma outra dimensão, através da adesão de novas galerias e a venda de originais online . Artur Caetano, um dos responsáveis por esta nova área de negócios do grupo de Jardim Gonçalves, minimiza o risco, admitindo, no entanto, que já houve interessados que telefonaram a perguntar onde podiam ver as reproduções. ""Quando se avançar para a comercialização de originais, haverá talvez mais pessoas a quererem ver antes de comprar"", diz. ""Nessa altura, remeteremos os interessados para as galerias, como já o fazemos com o Centro Português de Serigrafia."" A futura selecção das obras, ao contrário do que agora sucede - o critério é do Centro Português de Serigrafia -, passará a ser feita por um elemento do banco ligado à política de aquisições da instituição financeira, que conta já com um importante espólio. Para fazer a encomenda, o cliente deve aceder à ""Cidade BCP"", no item lazer, e escolher entre as várias opções. Depois, basta enviar um e-mail para marketing@cidadebcp.pt, com o nome do interessado, o número de conta à ordem do grupo, a obra de arte, com o nome do artista e a referência, o local onde a pretende levantar e o contacto. As litografias e serigrafias disponibilizadas são também mais baratas do que as vendidas no mercado. Artur Caetano explica que o BCP reduziu deliberadamente as margens de comercialização para manter os preços baixos. Sónia Delaunay, por exemplo, numa tiragem de 200 exemplares, pode ser adquirida aqui por 45 mil escudos, contra os 60 mil habitualmente praticados. Júlio Pomar, numa tiragem de 150 exemplares, custa 130 contos, contra os 160 de venda ao público. Mais recentemente, foram comercializados 12 pratos marcadores, numa edição limitada a 250 exemplares, da autoria de grandes mestres da pintura contemporânea portuguesa, como Carlos Calvet, Cruzeiro Seixas, Mário Cesariny, Fernando Lanhas, Júlio Pomar e Nadir Afonso, que oscilam entre os 178 200$00 e os 338 580$00, para um preço de venda ao público de, respectivamente, 198 e 376 contos. ""Mais do que vender e fazer negócios"", diz Artur Caetano, ""o BCP pretende que as pessoas possam usufruir de outras temáticas para além da financeira no seu site "". Copyright © 1995,2001 Diário de Notícias, SA Todos os direitos reservados webmaster@DnOnline"
25,0,1,0.8337004405286343,0,1816,27,"DN-Sinteses 14 de Abril de 2000 Índices TELEFONES Guerra entre móveis e fixos Elisa Fonseca Novos operadores contestam preços das empresas de redes móveis. E pedem intervenção do Instituto de Comunicações SANEAMENTO Águas de Cascais vão para IPE Carla Aguiar Consórcio da Águas de Portugal promete baixar tarifas em 25 % e investir 26 milhões de contos Aliança IPE/EDP força processo de privatizaçao SALÁRIOS Greves desconvocadas na TAP Eduarda Frommhold Só o ""handling"" mantém posição e promete paralisar dia 20 os principais aeroportos nacionais ACORDO Marcha lenta ""trocada"" por aumentos nos transportes Eduarda Frommhold PARLAMENTO PSD quer uma nova Lei de Enquadramento Orçamental Eva Cabral Capucho anuncia discussão em Maio CELULOSE E PAPEL Papercel vendida no fim do ano Margarida Cabeleira Os franceses da Arjo e Belmiro de Azevedo estão a ser sondados para trocarem as posições detidas na Soporcel e na Portucel por uma participação proporcional no capital da ""holding"" SINDICALISMO Socialistas e TSD vencem eleições nos bancários Delmiro Carreira fica à frente da direcção do SBSI curtas & directas Reditus sobe capital para 6,5 milhões Vasconcelos Cruz na PT Prime Totta e CPP já têm comissão executiva ANÁLISE DE BOLSA Bolsa salva por problemas técnicos Margarida Cabeleira Jerónimo Martins e Continente ajudaram a bolsa a fechar positiva. PT continua com pressão de venda Salomon recomenda BCP No estrangeiro MMI BCE não mexe nas taxas e juros baixam CÂMBIOS Subida da Wall Street provoca queda do euro MATÉRIAS-PRIMAS Preço do ouro resiste a vendas da Suíça Quadros Técnicos Câmbio Indicativo Câmbios cruzados Câmbios bilateral Conversão do euro Taxas de referencia Mercado monetário interbancário Dívida pública Fundos de investimento ------ Matérias Primas ------ Diversos Metais Industriais Cereais"
